a	あ
i	い
u	う
e	え
o	お
xa	ぁ
xi	ぃ
xu	ぅ
xe	ぇ
xo	ぉ
la	ぁ
li	ぃ
lu	ぅ
le	ぇ
lo	ぉ
ya	や
yi	い
yu	ゆ
ye	𛀁
yo	よ
xya	ゃ
xyi	ぃ
xyu	ゅ
xyo	ょ
lya	ゃ
lyi	ぃ
lyu	ゅ
lyo	ょ
yy	っ	y
wa	わ
wi	ゐ
wu	う
we	ゑ
wo	を
xwa	ゎ
xwu	ぅ
xwo	𛅒
lwa	ゎ
lwu	ぅ
lwo	𛅒
wha	うぁ
whi	うぃ
whu	う
whe	うぇ
who	うぉ
xwhu	ぅ
lwhu	ぅ
wya	ゐゃ
wyi	ゐ
wyu	ゐゅ
wye	ゐぇ
wyo	ゐょ
ww	っ	w
va	ヷ
vi	ヸ
vu	ゔ
ve	ヹ
vo	ヺ
vha	ゔぁ
vhi	ゔぃ
vhu	ゔ
vhe	ゔぇ
vho	ゔぉ
vya	ヸャ
vyi	ヸ
vyu	ヸュ
vye	ヸェ
vyo	ヸョ
vv	っ	v
ka	か
ki	き
ku	く
ke	け
ko	こ
xka	ゕ
xku	ㇰ
xke	ゖ
lka	ゕ
lku	ㇰ
lke	ゖ
kwa	くゎ
kwi	くゐ
kwu	く
kwe	くゑ
kwo	くを
xkwu	ㇰ
lkwu	ㇰ
kwha	くぁ
kwhi	くぃ
kwhu	く
kwhe	くぇ
kwho	くぉ
xkwhu	ㇰ
lkwhu	ㇰ
kya	きゃ
kyi	き
kyu	きゅ
kye	きぇ
kyo	きょ
kwya	くゐゃ
kwyi	くゐ
kwyu	くゐゅ
kwye	くゐぇ
kwyo	くゐょ
kk	っ	k
qa	くゎ
qi	くゐ
qu	く
qe	くゑ
qo	くを
xqu	ㇰ
lqu	ㇰ
qha	くぁ
qhi	くぃ
qhu	く
qhe	くぇ
qho	くぉ
xqhu	ㇰ
lqhu	ㇰ
qya	くゐゃ
qyi	くゐ
qyu	くゐゅ
qye	くゐぇ
qyo	くゐょ
qq	っ	q
ca	か
cu	く
co	こ
xca	ヵ
xcu	ㇰ
lca	ヵ
lcu	ㇰ
sa	さ
si	し
su	す
se	せ
so	そ
xsi	ㇱ
xsu	ㇲ
lsi	ㇱ
lsu	ㇲ
swa	さ
swi	すぃ
swu	す
swe	せ
swo	そ
xswu	ㇲ
lswu	ㇲ
swha	さ
swhi	すぃ
swhu	す
swhe	せ
swho	そ
xswhu	ㇲ
lswhu	ㇲ
sya	しゃ
syi	し
syu	しゅ
sye	しぇ
syo	しょ
xsyi	ㇱ
lsyi	ㇱ
swya	しゃ
swyi	し
swyu	しゅ
swye	しぇ
swyo	しょ
xswyi	ㇱ
lswyi	ㇱ
sha	しゃ
shi	し
shu	しゅ
she	しぇ
sho	しょ
xshi	ㇱ
lshi	ㇱ
ss	っ	s
ci	し
ce	せ
xci	ㇱ
lci	ㇱ
ta	た
ti	ち
tu	つ
te	て
to	と
xto	ㇳ
lto	ㇳ
twa	つぁ
twi	つぃ
twu	つ
twe	つぇ
two	つぉ
twha	つぁ
twhi	つぃ
twhu	つ
twhe	つぇ
twho	つぉ
tya	ちゃ
tyi	ち
tyu	ちゅ
tye	ちぇ
tyo	ちょ
twya	ちゃ
twyi	ち
twyu	ちゅ
twye	ちぇ
twyo	ちょ
tsa	つぁ
tsi	つぃ
tsu	つ
tse	つぇ
tso	つぉ
tsya	ちゃ
tsyi	ち
tsyu	ちゅ
tsye	ちぇ
tsyo	ちょ
tsha	ちゃ
tshi	ち
tshu	ちゅ
tshe	ちぇ
tsho	ちょ
tha	てゃ
thi	てぃ
thu	てゅ
the	て
tho	てょ
tt	っ	t
cha	ちゃ
chi	ち
chu	ちゅ
che	ちぇ
cho	ちょ
na	な
ni	に
nu	ぬ
ne	ね
no	の
xnu	ㇴ
lnu	ㇴ
nwa	な
nwi	に
nwu	ぬ
nwe	ね
nwo	の
xnwu	ㇴ
lnwu	ㇴ
nwha	な
nwhi	に
nwhu	ぬ
nwhe	ね
nwho	の
xnwhu	ㇴ
lnwhu	ㇴ
nya	にゃ
nyi	に
nyu	にゅ
nye	にぇ
nyo	にょ
nwya	にゃ
nwyi	に
nwyu	にゅ
nwye	にぇ
nwyo	にょ
ha	は
hi	ひ
hu	ふ
he	へ
ho	ほ
xha	ㇵ
xhi	ㇶ
xhu	ㇷ
xhe	ㇸ
xho	ㇹ
lha	ㇵ
lhi	ㇶ
lhu	ㇷ
lhe	ㇸ
lho	ㇹ
hwa	ふぁ
hwi	ふぃ
hwu	ふ
hwe	ふぇ
hwo	ふぉ
xhwu	ㇷ
lhwu	ㇷ
hwha	ふぁ
hwhi	ふぃ
hwhu	ふ
hwhe	ふぇ
hwho	ふぉ
xhwhu	ㇷ
lhwhu	ㇷ
hya	ひゃ
hyi	ひ
hyu	ひゅ
hye	ひぇ
hyo	ひょ
xhyi	ㇶ
lhyi	ㇶ
hwya	ふゃ
hwyi	ふぃ
hwyu	ふゅ
hwye	ふぇ
hwyo	ふょ
hh	っ	h
fa	ふぁ
fi	ふぃ
fu	ふ
fe	ふぇ
fo	ふぉ
xfu	ㇷ
lfu	ㇷ
fha	ふぁ
fhi	ふぃ
fhu	ふ
fhe	ふぇ
fho	ふぉ
xfhu	ㇷ
lfhu	ㇷ
fya	ふゃ
fyi	ふぃ
fyu	ふゅ
fye	ふぇ
fyo	ふょ
ff	っ	f
pha	ふぁ
phi	ふぃ
phu	ふ
phe	ふぇ
pho	ふぉ
xphu	ㇷ
lphu	ㇷ
ma	ま
mi	み
mu	む
me	め
mo	も
xmu	ㇺ
lmu	ㇺ
mwa	ま
mwi	み
mwu	む
mwe	め
mwo	も
xmwu	ㇺ
lmwu	ㇺ
mwha	ま
mwhi	み
mwhu	む
mwhe	め
mwho	も
xmwhu	ㇺ
lmwhu	ㇺ
mya	みゃ
myi	み
myu	みゅ
mye	みぇ
myo	みょ
mwya	みゃ
mwyi	み
mwyu	みゅ
mwye	みぇ
mwyo	みょ
ra	ら
ri	り
ru	る
re	れ
ro	ろ
xra	ㇻ
xri	ㇼ
xru	ㇽ
xre	ㇾ
xro	ㇿ
lra	ㇻ
lri	ㇼ
lru	ㇽ
lre	ㇾ
lro	ㇿ
rwa	ら
rwi	り
rwu	る
rwe	れ
rwo	ろ
xrwa	ㇻ
xrwi	ㇼ
xrwu	ㇽ
xrwe	ㇾ
xrwo	ㇿ
lrwa	ㇻ
lrwi	ㇼ
lrwu	ㇽ
lrwe	ㇾ
lrwo	ㇿ
rwha	ら
rwhi	り
rwhu	る
rwhe	れ
rwho	ろ
xrwha	ㇻ
xrwhi	ㇼ
xrwhu	ㇽ
xrwhe	ㇾ
xrwho	ㇿ
lrwha	ㇻ
lrwhi	ㇼ
lrwhu	ㇽ
lrwhe	ㇾ
lrwho	ㇿ
rya	りゃ
ryi	り
ryu	りゅ
rye	りぇ
ryo	りょ
xryi	ㇼ
lryi	ㇼ
rwya	りゃ
rwyi	り
rwyu	りゅ
rwye	りぇ
rwyo	りょ
xrwyi	ㇼ
lrwyi	ㇼ
rr	っ	r
ga	が
gi	ぎ
gu	ぐ
ge	げ
go	ご
gwa	ぐゎ
gwi	ぐゐ
gwu	ぐ
gwe	ぐゑ
gwo	ぐを
gwha	ぐぁ
gwhi	ぐぃ
gwhu	ぐ
gwhe	ぐぇ
gwho	ぐぉ
gya	ぎゃ
gyi	ぎ
gyu	ぎゅ
gye	ぎぇ
gyo	ぎょ
gwya	ぐゐゃ
gwyi	ぐゐ
gwyu	ぐゐゅ
gwye	ぐゐぇ
gwyo	ぐゐょ
gg	っ	g
xnga	か゚
xngi	き゚
xngu	く゚
xnge	け゚
xngo	こ゚
xngwa	く゚ゎ
xngwi	く゚ゐ
xngwu	く゚
xngwe	く゚ゑ
xngwo	く゚を
xngwha	く゚ぁ
xngwhi	く゚ぃ
xngwhu	く゚
xngwhe	く゚ぇ
xngwho	く゚ぉ
xngya	き゚ゃ
xngyi	き゚
xngyu	き゚ゅ
xngye	き゚ぇ
xngyo	き゚ょ
xngwya	く゚ゐゃ
xngwyi	く゚ゐ
xngwyu	く゚ゐゅ
xngwye	く゚ゐぇ
xngwyo	く゚ゐょ
lnga	か゚
lngi	き゚
lngu	く゚
lnge	け゚
lngo	こ゚
lngwa	く゚ゎ
lngwi	く゚ゐ
lngwu	く゚
lngwe	く゚ゑ
lngwo	く゚を
lngwha	く゚ぁ
lngwhi	く゚ぃ
lngwhu	く゚
lngwhe	く゚ぇ
lngwho	く゚ぉ
lngya	き゚ゃ
lngyi	き゚
lngyu	き゚ゅ
lngye	き゚ぇ
lngyo	き゚ょ
lngwya	く゚ゐゃ
lngwyi	く゚ゐ
lngwyu	く゚ゐゅ
lngwye	く゚ゐぇ
lngwyo	く゚ゐょ
za	ざ
zi	じ
zu	ず
ze	ぜ
zo	ぞ
zwa	ざ
zwi	ずぃ
zwu	ず
zwe	ぜ
zwo	ぞ
zwha	ざ
zwhi	ずぃ
zwhu	ず
zwhe	ぜ
zwho	ぞ
zya	じゃ
zyi	じ
zyu	じゅ
zye	じぇ
zyo	じょ
zwya	じゃ
zwyi	じ
zwyu	じゅ
zwye	じぇ
zwyo	じょ
zz	っ	z
ja	じゃ
ji	じ
ju	じゅ
je	じぇ
jo	じょ
jj	っ	j
da	だ
di	ぢ
du	づ
de	で
do	ど
dwa	づぁ
dwi	づぃ
dwu	づ
dwe	づぇ
dwo	づぉ
dwha	づぁ
dwhi	づぃ
dwhu	づ
dwhe	づぇ
dwho	づぉ
dya	ぢゃ
dyi	ぢ
dyu	ぢゅ
dye	ぢぇ
dyo	ぢょ
dwya	ぢゃ
dwyi	ぢ
dwyu	ぢゅ
dwye	ぢぇ
dwyo	ぢょ
dza	づぁ
dzi	づぃ
dzu	づ
dze	づぇ
dzo	づぉ
dzya	ぢゃ
dzyi	ぢ
dzyu	ぢゅ
dzye	ぢぇ
dzyo	ぢょ
dja	ぢゃ
dji	ぢ
dju	ぢゅ
dje	ぢぇ
djo	ぢょ
dha	でゃ
dhi	でぃ
dhu	でゅ
dhe	で
dho	でょ
dd	っ	d
ba	ば
bi	び
bu	ぶ
be	べ
bo	ぼ
bwa	ば
bwi	び
bwu	ぶ
bwe	べ
bwo	ぼ
bwha	ば
bwhi	び
bwhu	ぶ
bwhe	べ
bwho	ぼ
bya	びゃ
byi	び
byu	びゅ
bye	びぇ
byo	びょ
bwya	びゃ
bwyi	び
bwyu	びゅ
bwye	びぇ
bwyo	びょ
bb	っ	b
pa	ぱ
pi	ぴ
pu	ぷ
pe	ぺ
po	ぽ
pwa	ぱ
pwi	ぴ
pwu	ぷ
pwe	ぺ
pwo	ぽ
pwha	ぱ
pwhi	ぴ
pwhu	ぷ
pwhe	ぺ
pwho	ぽ
pya	ぴゃ
pyi	ぴ
pyu	ぴゅ
pye	ぴぇ
pyo	ぴょ
pwya	ぴゃ
pwyi	ぴ
pwyu	ぴゅ
pwye	ぴぇ
pwyo	ぴょ
pp	っ	p
xx	っ	x
ll	っ	l
cc	っ	c
xtu	っ
ltu	っ
xtwu	っ
ltwu	っ
xtwhu	っ
ltwhu	っ
xtsu	っ
ltsu	っ
xtswu	っ
ltswu	っ
xtswhu	っ
ltswhu	っ
xl	っ	l
kq	っ	q
tch	っ	ch
hf	っ	f
hph	っ	ph
zj	っ	j
lx	っ	x
qkw	っ	kw
cty	っ	ty
fhw	っ	hw
phwh	っ	hwh
jzy	っ	zy
n	ん
m	ん
xng	ん
lng	ん
nm	ん
mn	ん
'a	ア
'i	イ
'u	ウ
'e	エ
'o	オ
x'a	ァ
x'i	ィ
x'u	ゥ
x'e	ェ
x'o	ォ
l'a	ァ
l'i	ィ
l'u	ゥ
l'e	ェ
l'o	ォ
'xa	ァ
'xi	ィ
'xu	ゥ
'xe	ェ
'xo	ォ
'la	ァ
'li	ィ
'lu	ゥ
'le	ェ
'lo	ォ
'ya	ヤ
'yi	イ
'yu	ユ
'ye	𛀀
'yo	ヨ
x'ya	ャ
x'yi	ィ
x'yu	ュ
x'yo	ョ
l'ya	ャ
l'yi	ィ
l'yu	ュ
l'yo	ョ
'xya	ャ
'xyi	ィ
'xyu	ュ
'xyo	ョ
'lya	ャ
'lyi	ィ
'lyu	ュ
'lyo	ョ
'wa	ワ
'wi	ヰ
'wu	ウ
'we	ヱ
'wo	ヲ
x'wa	ヮ
x'wu	ゥ
x'wo	𛅦
l'wa	ヮ
l'wu	ゥ
l'wo	𛅦
'xwa	ヮ
'xwu	ゥ
'xwo	𛅦
'lwa	ヮ
'lwu	ゥ
'lwo	𛅦
'wha	ウァ
'whi	ウィ
'whu	ウ
'whe	ウェ
'who	ウォ
x'whu	ゥ
l'whu	ゥ
'xwhu	ゥ
'lwhu	ゥ
'wya	ヰャ
'wyi	ヰ
'wyu	ヰュ
'wye	ヰェ
'wyo	ヰョ
'va	ヷ
'vi	ヸ
'vu	ヴ
've	ヹ
'vo	ヺ
'vha	ヴァ
'vhi	ヴィ
'vhu	ヴ
'vhe	ヴェ
'vho	ヴォ
'vya	ヸャ
'vyi	ヸ
'vyu	ヸュ
'vye	ヸェ
'vyo	ヸョ
'ka	カ
'ki	キ
'ku	ク
'ke	ケ
'ko	コ
x'ka	ヵ
x'ku	ㇰ
x'ke	ヶ
l'ka	ヵ
l'ku	ㇰ
l'ke	ヶ
'xka	ヵ
'xku	ㇰ
'xke	ヶ
'lka	ヵ
'lku	ㇰ
'lke	ヶ
'kwa	クヮ
'kwi	クヰ
'kwu	ク
'kwe	クヱ
'kwo	クヲ
x'kwu	ㇰ
l'kwu	ㇰ
'xkwu	ㇰ
'lkwu	ㇰ
'kwha	クァ
'kwhi	クィ
'kwhu	ク
'kwhe	クェ
'kwho	クォ
x'kwhu	ㇰ
l'kwhu	ㇰ
'xkwhu	ㇰ
'lkwhu	ㇰ
'kya	キャ
'kyi	キ
'kyu	キュ
'kye	キェ
'kyo	キョ
'kwya	クヰャ
'kwyi	クヰ
'kwyu	クヰュ
'kwye	クヰェ
'kwyo	クヰョ
'qa	クヮ
'qi	クヰ
'qu	ク
'qe	クヱ
'qo	クヲ
x'qu	ㇰ
l'qu	ㇰ
'xqu	ㇰ
'lqu	ㇰ
'qha	クァ
'qhi	クィ
'qhu	ク
'qhe	クェ
'qho	クォ
x'qhu	ㇰ
l'qhu	ㇰ
'xqhu	ㇰ
'lqhu	ㇰ
'qya	クヰャ
'qyi	クヰ
'qyu	クヰュ
'qye	クヰェ
'qyo	クヰョ
'ca	カ
'cu	ク
'co	コ
x'ca	ヵ
x'cu	ㇰ
l'ca	ヵ
l'cu	ㇰ
'xca	ヵ
'xcu	ㇰ
'lca	ヵ
'lcu	ㇰ
'sa	サ
'si	シ
'su	ス
'se	セ
'so	ソ
x'si	ㇱ
x'su	ㇲ
l'si	ㇱ
l'su	ㇲ
'xsi	ㇱ
'xsu	ㇲ
'lsi	ㇱ
'lsu	ㇲ
'swa	サ
'swi	スィ
'swu	ス
'swe	セ
'swo	ソ
x'swu	ㇲ
l'swu	ㇲ
'xswu	ㇲ
'lswu	ㇲ
'swha	サ
'swhi	スィ
'swhu	ス
'swhe	セ
'swho	ソ
x'swhu	ㇲ
l'swhu	ㇲ
'xswhu	ㇲ
'lswhu	ㇲ
'sya	シャ
'syi	シ
'syu	シュ
'sye	シェ
'syo	ショ
x'syi	ㇱ
l'syi	ㇱ
'xsyi	ㇱ
'lsyi	ㇱ
'swya	シャ
'swyi	シ
'swyu	シュ
'swye	シェ
'swyo	ショ
x'swyi	ㇱ
l'swyi	ㇱ
'xswyi	ㇱ
'lswyi	ㇱ
'sha	シャ
'shi	シ
'shu	シュ
'she	シェ
'sho	ショ
x'shi	ㇱ
l'shi	ㇱ
'xshi	ㇱ
'lshi	ㇱ
'ci	シ
'ce	セ
x'ci	ㇱ
l'ci	ㇱ
'xci	ㇱ
'lci	ㇱ
'ta	タ
'ti	チ
'tu	ツ
'te	テ
'to	ト
x'to	ㇳ
l'to	ㇳ
'xto	ㇳ
'lto	ㇳ
'twa	ツァ
'twi	ツィ
'twu	ツ
'twe	ツェ
'two	ツォ
'twha	ツァ
'twhi	ツィ
'twhu	ツ
'twhe	ツェ
'twho	ツォ
'tya	チャ
'tyi	チ
'tyu	チュ
'tye	チェ
'tyo	チョ
'twya	チャ
'twyi	チ
'twyu	チュ
'twye	チェ
'twyo	チョ
'tsa	ツァ
'tsi	ツィ
'tsu	ツ
'tse	ツェ
'tso	ツォ
'tsya	チャ
'tsyi	チ
'tsyu	チュ
'tsye	チェ
'tsyo	チョ
'tsha	チャ
'tshi	チ
'tshu	チュ
'tshe	チェ
'tsho	チョ
'tha	テャ
'thi	ティ
'thu	テュ
'the	テ
'tho	テョ
'cha	チャ
'chi	チ
'chu	チュ
'che	チェ
'cho	チョ
'na	ナ
'ni	ニ
'nu	ヌ
'ne	ネ
'no	ノ
x'nu	ㇴ
l'nu	ㇴ
'xnu	ㇴ
'lnu	ㇴ
'nwa	ナ
'nwi	ニ
'nwu	ヌ
'nwe	ネ
'nwo	ノ
x'nwu	ㇴ
l'nwu	ㇴ
'xnwu	ㇴ
'lnwu	ㇴ
'nwha	ナ
'nwhi	ニ
'nwhu	ヌ
'nwhe	ネ
'nwho	ノ
x'nwhu	ㇴ
l'nwhu	ㇴ
'xnwhu	ㇴ
'lnwhu	ㇴ
'nya	ニャ
'nyi	ニ
'nyu	ニュ
'nye	ニェ
'nyo	ニョ
'nwya	ニャ
'nwyi	ニ
'nwyu	ニュ
'nwye	ニェ
'nwyo	ニョ
'ha	ハ
'hi	ヒ
'hu	フ
'he	ヘ
'ho	ホ
x'ha	ㇵ
x'hi	ㇶ
x'hu	ㇷ
x'he	ㇸ
x'ho	ㇹ
l'ha	ㇵ
l'hi	ㇶ
l'hu	ㇷ
l'he	ㇸ
l'ho	ㇹ
'xha	ㇵ
'xhi	ㇶ
'xhu	ㇷ
'xhe	ㇸ
'xho	ㇹ
'lha	ㇵ
'lhi	ㇶ
'lhu	ㇷ
'lhe	ㇸ
'lho	ㇹ
'hwa	ファ
'hwi	フィ
'hwu	フ
'hwe	フェ
'hwo	フォ
x'hwu	ㇷ
l'hwu	ㇷ
'xhwu	ㇷ
'lhwu	ㇷ
'hwha	ファ
'hwhi	フィ
'hwhu	フ
'hwhe	フェ
'hwho	フォ
x'hwhu	ㇷ
l'hwhu	ㇷ
'xhwhu	ㇷ
'lhwhu	ㇷ
'hya	ヒャ
'hyi	ヒ
'hyu	ヒュ
'hye	ヒェ
'hyo	ヒョ
x'hyi	ㇶ
l'hyi	ㇶ
'xhyi	ㇶ
'lhyi	ㇶ
'hwya	フャ
'hwyi	フィ
'hwyu	フュ
'hwye	フェ
'hwyo	フョ
'fa	ファ
'fi	フィ
'fu	フ
'fe	フェ
'fo	フォ
x'fu	ㇷ
l'fu	ㇷ
'xfu	ㇷ
'lfu	ㇷ
'fha	ファ
'fhi	フィ
'fhu	フ
'fhe	フェ
'fho	フォ
x'fhu	ㇷ
l'fhu	ㇷ
'xfhu	ㇷ
'lfhu	ㇷ
'fya	フャ
'fyi	フィ
'fyu	フュ
'fye	フェ
'fyo	フョ
'pha	ファ
'phi	フィ
'phu	フ
'phe	フェ
'pho	フォ
x'phu	ㇷ
l'phu	ㇷ
'xphu	ㇷ
'lphu	ㇷ
'ma	マ
'mi	ミ
'mu	ム
'me	メ
'mo	モ
x'mu	ㇺ
l'mu	ㇺ
'xmu	ㇺ
'lmu	ㇺ
'mwa	マ
'mwi	ミ
'mwu	ム
'mwe	メ
'mwo	モ
x'mwu	ㇺ
l'mwu	ㇺ
'xmwu	ㇺ
'lmwu	ㇺ
'mwha	マ
'mwhi	ミ
'mwhu	ム
'mwhe	メ
'mwho	モ
x'mwhu	ㇺ
l'mwhu	ㇺ
'xmwhu	ㇺ
'lmwhu	ㇺ
'mya	ミャ
'myi	ミ
'myu	ミュ
'mye	ミェ
'myo	ミョ
'mwya	ミャ
'mwyi	ミ
'mwyu	ミュ
'mwye	ミェ
'mwyo	ミョ
'ra	ラ
'ri	リ
'ru	ル
're	レ
'ro	ロ
x'ra	ㇻ
x'ri	ㇼ
x'ru	ㇽ
x're	ㇾ
x'ro	ㇿ
l'ra	ㇻ
l'ri	ㇼ
l'ru	ㇽ
l're	ㇾ
l'ro	ㇿ
'xra	ㇻ
'xri	ㇼ
'xru	ㇽ
'xre	ㇾ
'xro	ㇿ
'lra	ㇻ
'lri	ㇼ
'lru	ㇽ
'lre	ㇾ
'lro	ㇿ
'rwa	ラ
'rwi	リ
'rwu	ル
'rwe	レ
'rwo	ロ
x'rwa	ㇻ
x'rwi	ㇼ
x'rwu	ㇽ
x'rwe	ㇾ
x'rwo	ㇿ
l'rwa	ㇻ
l'rwi	ㇼ
l'rwu	ㇽ
l'rwe	ㇾ
l'rwo	ㇿ
'xrwa	ㇻ
'xrwi	ㇼ
'xrwu	ㇽ
'xrwe	ㇾ
'xrwo	ㇿ
'lrwa	ㇻ
'lrwi	ㇼ
'lrwu	ㇽ
'lrwe	ㇾ
'lrwo	ㇿ
'rwha	ラ
'rwhi	リ
'rwhu	ル
'rwhe	レ
'rwho	ロ
x'rwha	ㇻ
x'rwhi	ㇼ
x'rwhu	ㇽ
x'rwhe	ㇾ
x'rwho	ㇿ
l'rwha	ㇻ
l'rwhi	ㇼ
l'rwhu	ㇽ
l'rwhe	ㇾ
l'rwho	ㇿ
'xrwha	ㇻ
'xrwhi	ㇼ
'xrwhu	ㇽ
'xrwhe	ㇾ
'xrwho	ㇿ
'lrwha	ㇻ
'lrwhi	ㇼ
'lrwhu	ㇽ
'lrwhe	ㇾ
'lrwho	ㇿ
'rya	リャ
'ryi	リ
'ryu	リュ
'rye	リェ
'ryo	リョ
x'ryi	ㇼ
l'ryi	ㇼ
'xryi	ㇼ
'lryi	ㇼ
'rwya	リャ
'rwyi	リ
'rwyu	リュ
'rwye	リェ
'rwyo	リョ
x'rwyi	ㇼ
l'rwyi	ㇼ
'xrwyi	ㇼ
'lrwyi	ㇼ
'ga	ガ
'gi	ギ
'gu	グ
'ge	ゲ
'go	ゴ
'gwa	グヮ
'gwi	グヰ
'gwu	グ
'gwe	グヱ
'gwo	グヲ
'gwha	グァ
'gwhi	グィ
'gwhu	グ
'gwhe	グェ
'gwho	グォ
'gya	ギャ
'gyi	ギ
'gyu	ギュ
'gye	ギェ
'gyo	ギョ
'gwya	グヰャ
'gwyi	グヰ
'gwyu	グヰュ
'gwye	グヰェ
'gwyo	グヰョ
x'nga	カ゚
x'ngi	キ゚
x'ngu	ク゚
x'nge	ケ゚
x'ngo	コ゚
x'ngwa	ク゚ヮ
x'ngwi	ク゚ヰ
x'ngwu	ク゚
x'ngwe	ク゚ヱ
x'ngwo	ク゚ヲ
x'ngwha	ク゚ァ
x'ngwhi	ク゚ィ
x'ngwhu	ク゚
x'ngwhe	ク゚ェ
x'ngwho	ク゚ォ
x'ngya	キ゚ャ
x'ngyi	キ゚
x'ngyu	キ゚ュ
x'ngye	キ゚ェ
x'ngyo	キ゚ョ
x'ngwya	ク゚ヰャ
x'ngwyi	ク゚ヰ
x'ngwyu	ク゚ヰュ
x'ngwye	ク゚ヰェ
x'ngwyo	ク゚ヰョ
l'nga	カ゚
l'ngi	キ゚
l'ngu	ク゚
l'nge	ケ゚
l'ngo	コ゚
l'ngwa	ク゚ヮ
l'ngwi	ク゚ヰ
l'ngwu	ク゚
l'ngwe	ク゚ヱ
l'ngwo	ク゚ヲ
l'ngwha	ク゚ァ
l'ngwhi	ク゚ィ
l'ngwhu	ク゚
l'ngwhe	ク゚ェ
l'ngwho	ク゚ォ
l'ngya	キ゚ャ
l'ngyi	キ゚
l'ngyu	キ゚ュ
l'ngye	キ゚ェ
l'ngyo	キ゚ョ
l'ngwya	ク゚ヰャ
l'ngwyi	ク゚ヰ
l'ngwyu	ク゚ヰュ
l'ngwye	ク゚ヰェ
l'ngwyo	ク゚ヰョ
'xnga	カ゚
'xngi	キ゚
'xngu	ク゚
'xnge	ケ゚
'xngo	コ゚
'xngwa	ク゚ヮ
'xngwi	ク゚ヰ
'xngwu	ク゚
'xngwe	ク゚ヱ
'xngwo	ク゚ヲ
'xngwha	ク゚ァ
'xngwhi	ク゚ィ
'xngwhu	ク゚
'xngwhe	ク゚ェ
'xngwho	ク゚ォ
'xngya	キ゚ャ
'xngyi	キ゚
'xngyu	キ゚ュ
'xngye	キ゚ェ
'xngyo	キ゚ョ
'xngwya	ク゚ヰャ
'xngwyi	ク゚ヰ
'xngwyu	ク゚ヰュ
'xngwye	ク゚ヰェ
'xngwyo	ク゚ヰョ
'lnga	カ゚
'lngi	キ゚
'lngu	ク゚
'lnge	ケ゚
'lngo	コ゚
'lngwa	ク゚ヮ
'lngwi	ク゚ヰ
'lngwu	ク゚
'lngwe	ク゚ヱ
'lngwo	ク゚ヲ
'lngwha	ク゚ァ
'lngwhi	ク゚ィ
'lngwhu	ク゚
'lngwhe	ク゚ェ
'lngwho	ク゚ォ
'lngya	キ゚ャ
'lngyi	キ゚
'lngyu	キ゚ュ
'lngye	キ゚ェ
'lngyo	キ゚ョ
'lngwya	ク゚ヰャ
'lngwyi	ク゚ヰ
'lngwyu	ク゚ヰュ
'lngwye	ク゚ヰェ
'lngwyo	ク゚ヰョ
'za	ザ
'zi	ジ
'zu	ズ
'ze	ゼ
'zo	ゾ
'zwa	ザ
'zwi	ズィ
'zwu	ズ
'zwe	ゼ
'zwo	ゾ
'zwha	ザ
'zwhi	ズィ
'zwhu	ズ
'zwhe	ゼ
'zwho	ゾ
'zya	ジャ
'zyi	ジ
'zyu	ジュ
'zye	ジェ
'zyo	ジョ
'zwya	ジャ
'zwyi	ジ
'zwyu	ジュ
'zwye	ジェ
'zwyo	ジョ
'ja	ジャ
'ji	ジ
'ju	ジュ
'je	ジェ
'jo	ジョ
'da	ダ
'di	ヂ
'du	ヅ
'de	デ
'do	ド
'dwa	ヅァ
'dwi	ヅィ
'dwu	ヅ
'dwe	ヅェ
'dwo	ヅォ
'dwha	ヅァ
'dwhi	ヅィ
'dwhu	ヅ
'dwhe	ヅェ
'dwho	ヅォ
'dya	ヂャ
'dyi	ヂ
'dyu	ヂュ
'dye	ヂェ
'dyo	ヂョ
'dwya	ヂャ
'dwyi	ヂ
'dwyu	ヂュ
'dwye	ヂェ
'dwyo	ヂョ
'dza	ヅァ
'dzi	ヅィ
'dzu	ヅ
'dze	ヅェ
'dzo	ヅォ
'dzya	ヂャ
'dzyi	ヂ
'dzyu	ヂュ
'dzye	ヂェ
'dzyo	ヂョ
'dja	ヂャ
'dji	ヂ
'dju	ヂュ
'dje	ヂェ
'djo	ヂョ
'dha	デャ
'dhi	ディ
'dhu	デュ
'dhe	デ
'dho	デョ
'ba	バ
'bi	ビ
'bu	ブ
'be	ベ
'bo	ボ
'bwa	バ
'bwi	ビ
'bwu	ブ
'bwe	ベ
'bwo	ボ
'bwha	バ
'bwhi	ビ
'bwhu	ブ
'bwhe	ベ
'bwho	ボ
'bya	ビャ
'byi	ビ
'byu	ビュ
'bye	ビェ
'byo	ビョ
'bwya	ビャ
'bwyi	ビ
'bwyu	ビュ
'bwye	ビェ
'bwyo	ビョ
'pa	パ
'pi	ピ
'pu	プ
'pe	ペ
'po	ポ
'pwa	パ
'pwi	ピ
'pwu	プ
'pwe	ペ
'pwo	ポ
'pwha	パ
'pwhi	ピ
'pwhu	プ
'pwhe	ペ
'pwho	ポ
'pya	ピャ
'pyi	ピ
'pyu	ピュ
'pye	ピェ
'pyo	ピョ
'pwya	ピャ
'pwyi	ピ
'pwyu	ピュ
'pwye	ピェ
'pwyo	ピョ
xx'	ッ	x'
ll'	ッ	l'
''	ッ	'
x'tu	ッ
l'tu	ッ
x'twu	ッ
l'twu	ッ
x'twhu	ッ
l'twhu	ッ
x'tsu	ッ
l'tsu	ッ
x'tswu	ッ
l'tswu	ッ
x'tswhu	ッ
l'tswhu	ッ
xl'	ッ	l'
lx'	ッ	x'
'xtu	ッ
'ltu	ッ
'xtwu	ッ
'ltwu	ッ
'xtwhu	ッ
'ltwhu	ッ
'xtsu	ッ
'ltsu	ッ
'xtswu	ッ
'ltswu	ッ
'xtswhu	ッ
'ltswhu	ッ
'n	ン
'm	ン
'xng	ン
'lng	ン
'nm	ン
'mn	ン
-	ー
~	～
,	、
.	。
[	「
]	」
z-	〜
z,	‥
z.	…
z[	『
z]	』
z(	｟
z)	｠
z/	⋅
zh	←
zj	↓
zk	↑
zl	→
z'	‘
z"	“
z!	¡
z?	¿
z0	〇
z1	一
z2	二
z3	三
z4	四
z5	五
z6	六
z7	七
z8	八
z9	九
;00	⠀
;80	⠁
;40	⠈
;c0	⠉
;20	⠂
;a0	⠃
;60	⠊
;e0	⠋
;10	⠐
;90	⠑
;50	⠘
;d0	⠙
;30	⠒
;b0	⠓
;70	⠚
;f0	⠛
;08	⠄
;88	⠅
;48	⠌
;c8	⠍
;28	⠆
;a8	⠇
;68	⠎
;e8	⠏
;18	⠔
;98	⠕
;58	⠜
;d8	⠝
;38	⠖
;b8	⠗
;78	⠞
;f8	⠟
;04	⠠
;84	⠡
;44	⠨
;c4	⠩
;24	⠢
;a4	⠣
;64	⠪
;e4	⠫
;14	⠰
;94	⠱
;54	⠸
;d4	⠹
;34	⠲
;b4	⠳
;74	⠺
;f4	⠻
;0c	⠤
;8c	⠥
;4c	⠬
;cc	⠭
;2c	⠦
;ac	⠧
;6c	⠮
;ec	⠯
;1c	⠴
;9c	⠵
;5c	⠼
;dc	⠽
;3c	⠶
;bc	⠷
;7c	⠾
;fc	⠿
;02	⡀
;82	⡁
;42	⡈
;c2	⡉
;22	⡂
;a2	⡃
;62	⡊
;e2	⡋
;12	⡐
;92	⡑
;52	⡘
;d2	⡙
;32	⡒
;b2	⡓
;72	⡚
;f2	⡛
;0a	⡄
;8a	⡅
;4a	⡌
;ca	⡍
;2a	⡆
;aa	⡇
;6a	⡎
;ea	⡏
;1a	⡔
;9a	⡕
;5a	⡜
;da	⡝
;3a	⡖
;ba	⡗
;7a	⡞
;fa	⡟
;06	⡠
;86	⡡
;46	⡨
;c6	⡩
;26	⡢
;a6	⡣
;66	⡪
;e6	⡫
;16	⡰
;96	⡱
;56	⡸
;d6	⡹
;36	⡲
;b6	⡳
;76	⡺
;f6	⡻
;0e	⡤
;8e	⡥
;4e	⡬
;ce	⡭
;2e	⡦
;ae	⡧
;6e	⡮
;ee	⡯
;1e	⡴
;9e	⡵
;5e	⡼
;de	⡽
;3e	⡶
;be	⡷
;7e	⡾
;fe	⡿
;01	⢀
;81	⢁
;41	⢈
;c1	⢉
;21	⢂
;a1	⢃
;61	⢊
;e1	⢋
;11	⢐
;91	⢑
;51	⢘
;d1	⢙
;31	⢒
;b1	⢓
;71	⢚
;f1	⢛
;09	⢄
;89	⢅
;49	⢌
;c9	⢍
;29	⢆
;a9	⢇
;69	⢎
;e9	⢏
;19	⢔
;99	⢕
;59	⢜
;d9	⢝
;39	⢖
;b9	⢗
;79	⢞
;f9	⢟
;05	⢠
;85	⢡
;45	⢨
;c5	⢩
;25	⢢
;a5	⢣
;65	⢪
;e5	⢫
;15	⢰
;95	⢱
;55	⢸
;d5	⢹
;35	⢲
;b5	⢳
;75	⢺
;f5	⢻
;0d	⢤
;8d	⢥
;4d	⢬
;cd	⢭
;2d	⢦
;ad	⢧
;6d	⢮
;ed	⢯
;1d	⢴
;9d	⢵
;5d	⢼
;dd	⢽
;3d	⢶
;bd	⢷
;7d	⢾
;fd	⢿
;03	⣀
;83	⣁
;43	⣈
;c3	⣉
;23	⣂
;a3	⣃
;63	⣊
;e3	⣋
;13	⣐
;93	⣑
;53	⣘
;d3	⣙
;33	⣒
;b3	⣓
;73	⣚
;f3	⣛
;0b	⣄
;8b	⣅
;4b	⣌
;cb	⣍
;2b	⣆
;ab	⣇
;6b	⣎
;eb	⣏
;1b	⣔
;9b	⣕
;5b	⣜
;db	⣝
;3b	⣖
;bb	⣗
;7b	⣞
;fb	⣟
;07	⣠
;87	⣡
;47	⣨
;c7	⣩
;27	⣢
;a7	⣣
;67	⣪
;e7	⣫
;17	⣰
;97	⣱
;57	⣸
;d7	⣹
;37	⣲
;b7	⣳
;77	⣺
;f7	⣻
;0f	⣤
;8f	⣥
;4f	⣬
;cf	⣭
;2f	⣦
;af	⣧
;6f	⣮
;ef	⣯
;1f	⣴
;9f	⣵
;5f	⣼
;df	⣽
;3f	⣶
;bf	⣷
;7f	⣾
;ff	⣿
_-	₋
_(	₍
_)	₎
_+	₊
_=	₌
_0	₀
_1	₁
_2	₂
_3	₃
_4	₄
_5	₅
_6	₆
_7	₇
_8	₈
_9	₉
_qa	ᴀ
_qb	ʙ
_qc	ᴄ
_qd	ᴅ
_qe	ᴇ
_qf	ꜰ
_qg	ɢ
_qh	ʜ
_qi	ɪ
_qj	ᴊ
_qk	ᴋ
_ql	ʟ
_qm	ᴍ
_qn	ɴ
_qo	ᴏ
_qp	ᴘ
_qq	ꞯ
_qr	ʀ
_qs	ꜱ
_qt	ᴛ
_qu	ᴜ
_qv	ᴠ
_qw	ᴡ
_qy	ʏ
_qz	ᴢ
_a	ₐ
_e	ₑ
_h	ₕ
_i	ᵢ
_j	ⱼ
_k	ₖ
_l	ₗ
_m	ₘ
_n	ₙ
_o	ₒ
_p	ₚ
_r	ᵣ
_s	ₛ
_t	ₜ
_u	ᵤ
_x	ₓ
_v	ᵥ
^-	⁻
^(	⁽
^)	⁾
^+	⁺
^=	⁼
^0	⁰
^1	¹
^2	²
^3	³
^4	⁴
^5	⁵
^6	⁶
^7	⁷
^8	⁸
^9	⁹
^qa	ᴬ
^qb	ᴮ
^qd	ᴰ
^qe	ᴱ
^qg	ᴳ
^qh	ᴴ
^qi	ᴵ
^qj	ᴶ
^qk	ᴷ
^ql	ᴸ
^qm	ᴹ
^qn	ᴺ
^qo	ᴼ
^qp	ᴾ
^qr	ᴿ
^qt	ᵀ
^qu	ᵁ
^qv	ⱽ
^qw	ᵂ
^a	ᵃ
^b	ᵇ
^c	ᶜ
^d	ᵈ
^e	ᵉ
^f	ᶠ
^g	ᵍ
^h	ʰ
^i	ⁱ
^j	ʲ
^k	ᵏ
^l	ˡ
^m	ᵐ
^n	ⁿ
^o	ᵒ
^p	ᵖ
^r	ʳ
^s	ˢ
^t	ᵗ
^u	ᵘ
^v	ᵛ
^w	ʷ
^x	ˣ
^y	ʸ
^z	ᶻ
